"Name","TID","League","Exp","Trophy","Chest","Character","Skin","Emote","Resource","ResourceAmount","UnlockDuo","IconOverride"
"string","string","int","int","int","string","string","string","string","string","int","boolean","string"
"Main_2",,1,2,,,,,,"PowerTokens",1230,,"sc/ui.sc#icon_shop_powerpoints_4"
"Main_3",,1,3,,,,,,"PowerTokens",1230,,"sc/ui.sc#icon_shop_powerpoints_4"
"Main_4",,1,4,,,,,,"PowerTokens",1230,,"sc/ui.sc#icon_shop_powerpoints_4"
"Main_5",,1,5,,,,,,"PowerTokens",1230,,"sc/ui.sc#icon_shop_powerpoints_4"
"Main_6",,1,6,,,,,,"PowerTokens",1230,,"sc/ui.sc#icon_shop_powerpoints_4"
"Main_7",,1,7,,,,,,"PowerTokens",1230,,"sc/ui.sc#icon_shop_powerpoints_4"
"Main_8",,1,8,,,,,,"UnlockTokens",20,,
"Main_9",,1,9,,,,,,,,"TRUE",
"Main_10",,1,10,,,,,,"PowerTokens",1230,,"sc/ui.sc#icon_shop_powerpoints_4"
"Main_11",,1,11,,,,,,"UnlockTokens",10,,
"Main_12",,1,12,,,,,,"PowerTokens",1230,,"sc/ui.sc#icon_shop_powerpoints_4"
"Main_13",,1,13,,,,,,"Gold",2000,,
"Main_14",,1,14,,,,,,"Diamonds",100,,
"Main_16",,2,16,,,,,,"PowerTokens",1230,,"sc/ui.sc#icon_shop_powerpoints_4"
"Main_17",,2,17,,,,,,"PowerTokens",1230,,"sc/ui.sc#icon_shop_powerpoints_4"
"Main_18",,2,18,,,,,,"PowerTokens",1230,,"sc/ui.sc#icon_shop_powerpoints_4"
"Main_19",,2,19,,,,,,"UnlockTokens",20,,
"Main_20",,2,20,,,,,,"PowerTokens",1230,,"sc/ui.sc#icon_shop_powerpoints_4"
"Main_21",,2,21,,,,,,"UnlockTokens",10,,
"Main_22",,2,22,,,,,,"PowerTokens",30,,"sc/ui.sc#icon_shop_powerpoints_2"
"Main_23",,2,23,,,,,,"Gold",20000,,"sc/ui.sc#icon_shop_coin3_small"
"Main_24",,2,24,,,,,,"PowerTokens",30,,"sc/ui.sc#icon_shop_powerpoints_2"
"Main_25",,2,25,,,,,,"UnlockTokens",10,,
"Main_26",,2,26,,,,,,"PowerTokens",40,,"sc/ui.sc#icon_shop_powerpoints_3"
"Main_27",,2,27,,,,,,"Cosmetic",2000,,
"Main_28",,2,28,,,,,,"PowerTokens",20,,"sc/ui.sc#icon_shop_powerpoints_1"
"Main_29",,2,29,,,,,,"Gold",5000,,
"Main_31",,2,31,,,,,,"PowerTokens",40,,"sc/ui.sc#icon_shop_powerpoints_3"
"Main_32",,2,32,,,,,,"Gold",100,,"sc/ui.sc#icon_shop_coin2_small"
"Main_33",,2,33,,,,,,"PowerTokens",30,,"sc/ui.sc#icon_shop_powerpoints_2"
"Main_34",,2,34,,,,,,"Diamonds",100,,
"Main_35",,2,35,,,,,,"Cosmetic",2000,,
"Main_36",,2,36,,,,,,"UnlockTokens",20,,
"Main_37",,2,37,,,,,,"Cosmetic",2000,,
"Main_38",,2,38,,,,,,"UnlockTokens",20,,
"Main_39",,2,39,,,,,,"Cosmetic",2000,,
"Main_40",,2,40,,,,,,"UnlockTokens",20,,
"Main_41",,2,41,,,,,,"Cosmetic",2000,,
"Main_42",,2,42,,,,,,"UnlockTokens",20,,
"Main_43",,2,43,,,,,,"Cosmetic",2000,,
"Main_44",,2,44,,,,,,"PowerTokens",70,,"sc/ui.sc#icon_shop_powerpoints_2"
"Main_45",,2,45,,,,,,"Gold",7000,,"sc/ui.sc#icon_shop_coin2_small"
"Main_46",,2,46,,,,,,"Cosmetic",2000,,
"Main_47",,2,47,,,,,,"PowerTokens",70,,"sc/ui.sc#icon_shop_powerpoints_2"
"Main_48",,2,48,,,,,,"Gold",7000,,"sc/ui.sc#icon_shop_coin2_small"
"Main_49",,2,49,,,,,,"Cosmetic",2000,,
"Main_50",,2,50,,,,,,"PowerTokens",70,,"sc/ui.sc#icon_shop_powerpoints_2"
"Main_51",,2,51,,,,,,"Gold",7000,,"sc/ui.sc#icon_shop_coin2_small"
"Main_52",,2,52,,,,,,"Cosmetic",2000,,
"Main_53",,2,53,,,,,,"PowerTokens",70,,"sc/ui.sc#icon_shop_powerpoints_2"
"Main_54",,2,54,,,,,,"Gold",7000,,"sc/ui.sc#icon_shop_coin2_small"
"Main_55",,2,55,,,,,,"Cosmetic",2000,,
"Main_56",,2,56,,,,,,"PowerTokens",70,,"sc/ui.sc#icon_shop_powerpoints_2"
"Main_57",,2,57,,,,,,"Gold",7000,,"sc/ui.sc#icon_shop_coin2_small"
"Main_58",,2,58,,,,,,"Cosmetic",2000,,
"Main_59",,2,59,,,,,,"PowerTokens",70,,"sc/ui.sc#icon_shop_powerpoints_2"
"Main_60",,2,60,,,,,,"Gold",7000,,"sc/ui.sc#icon_shop_coin2_small"
"Main_61",,2,61,,,,,,"Cosmetic",2000,,
"Main_62",,2,62,,,,,,"PowerTokens",70,,"sc/ui.sc#icon_shop_powerpoints_2"
"Main_63",,2,63,,,,,,"Gold",7000,,"sc/ui.sc#icon_shop_coin2_small"
"Main_64",,2,64,,,,,,"Cosmetic",2000,,
"Main_65",,2,65,,,,,,"PowerTokens",70,,"sc/ui.sc#icon_shop_powerpoints_2"
"Main_66",,2,66,,,,,,"Gold",7000,,"sc/ui.sc#icon_shop_coin2_small"
"Main_67",,2,67,,,,,,"Cosmetic",2000,,
"Main_68",,2,68,,,,,,"PowerTokens",70,,"sc/ui.sc#icon_shop_powerpoints_2"
"Main_69",,2,69,,,,,,"Gold",7000,,"sc/ui.sc#icon_shop_coin2_small"
"Main_70",,2,70,,,,,,"Cosmetic",2000,,
"Main_71",,2,71,,,,,,"PowerTokens",70,,"sc/ui.sc#icon_shop_powerpoints_2"
"Main_72",,2,72,,,,,,"Gold",7000,,"sc/ui.sc#icon_shop_coin2_small"
"Main_73",,2,73,,,,,,"Cosmetic",2000,,
"Main_74",,2,74,,,,,,"PowerTokens",70,,"sc/ui.sc#icon_shop_powerpoints_2"
"Main_75",,2,75,,,,,,"Gold",7000,,"sc/ui.sc#icon_shop_coin2_small"
"Main_76",,2,76,,,,,,"Cosmetic",2000,,
"Main_77",,2,77,,,,,,"PowerTokens",70,,"sc/ui.sc#icon_shop_powerpoints_2"
"Main_78",,2,78,,,,,,"Gold",7000,,"sc/ui.sc#icon_shop_coin2_small"
"Main_79",,2,79,,,,,,"Cosmetic",2000,,
"Main_80",,2,80,,,,,,"PowerTokens",70,,"sc/ui.sc#icon_shop_powerpoints_2"
"Main_81",,2,81,,,,,,"Gold",7000,,"sc/ui.sc#icon_shop_coin2_small"
"Main_82",,2,82,,,,,,"Cosmetic",2000,,
"Main_83",,2,83,,,,,,"PowerTokens",70,,"sc/ui.sc#icon_shop_powerpoints_2"
"Main_84",,2,84,,,,,,"Gold",7000,,"sc/ui.sc#icon_shop_coin2_small"
"Main_85",,2,85,,,,,,"Cosmetic",2000,,
"Main_86",,2,86,,,,,,"PowerTokens",70,,"sc/ui.sc#icon_shop_powerpoints_2"
"Main_87",,2,87,,,,,,"Gold",7000,,"sc/ui.sc#icon_shop_coin2_small"
"Main_88",,2,88,,,,,,"Cosmetic",2000,,
"Main_89",,2,89,,,,,,"PowerTokens",70,,"sc/ui.sc#icon_shop_powerpoints_2"
"Main_90",,2,90,,,,,,"Gold",7000,,"sc/ui.sc#icon_shop_coin2_small"
"Main_91",,2,91,,,,,,"Cosmetic",2000,,
"Main_92",,2,92,,,,,,"PowerTokens",70,,"sc/ui.sc#icon_shop_powerpoints_2"
"Main_93",,2,93,,,,,,"Gold",7000,,"sc/ui.sc#icon_shop_coin2_small"
"Main_94",,2,94,,,,,,"Cosmetic",2000,,
"Main_95",,2,95,,,,,,"PowerTokens",70,,"sc/ui.sc#icon_shop_powerpoints_2"
"Main_96",,2,96,,,,,,"Gold",7000,,"sc/ui.sc#icon_shop_coin2_small"
"Main_97",,2,97,,,,,,"Cosmetic",2000,,
"Main_98",,2,98,,,,,,"PowerTokens",70,,"sc/ui.sc#icon_shop_powerpoints_2"
"Main_99",,2,99,,,,,,"Gold",7000,,"sc/ui.sc#icon_shop_coin2_small"
"Main_100",,2,100,,,,,,"Diamonds",100,,
