"Name","Rarity","Disabled","Character","AbilitySkin","HealthBarZOffset","CosmeticPrice","UnlockLeague","TID","SkinForUI","BackgroundUISkin","GraphicsAsset","EnemyAsset","BaseAsset","AnimationSet","PortraitAsset","IconAsset","AbilityIconAsset","Scale","NoVictoryIntro","OriginalProjectiles","OverrideSkinProjectiles","OriginalSpawnedUnit","OverrideSpawnedUnitSkin","CollectionEffects","CollectionEffectJoints","CollectionShadowJoints","CollectionShadowZ","PreciousJoints","NoMeshMerge","NoRotateInCharPreview","RedMul","GreenMul","BlueMul","RedAdd","GreenAdd","BlueAdd"
"String","int","Boolean","String","String","int","int","int","string","String","String","String","String","String","String","String","String","String","Int","boolean","String","String","String","String","String","String","String","int","String","boolean","boolean","int","int","int","int","int","int"
"Barbarian",0,,"Barbarian",,-15,,1,"TID_SKIN_DEFAULT",,,"sc3d/barbarian_rig.glb",,,"Barbarian","sc/portraits_barbarian.sc#barbarian","sc/character_icons.sc#barbarian_icon","sc/character_ability.sc#barbarian_ability_icon",100,,,,,,"barbarian_default_preview",,,-40,,,,,,,,,
"Goblin",0,,"Goblin",,-15,,1,"TID_SKIN_DEFAULT",,,"sc3d/goblin_rig.glb",,,"Goblin","sc/portraits_goblin.sc#goblin","sc/character_icons.sc#goblin_icon","sc/character_ability.sc#goblin_ability_icon",100,,,,,,"goblin_preview_twinkle",,,,,,,,,,,,
,,,,,,,,,,,,,,,,,,,,,,,,"goblin_preview_speedline01",,,,,,,,,,,,
,,,,,,,,,,,,,,,,,,,,,,,,"goblin_preview_speedline02",,,,,,,,,,,,
,,,,,,,,,,,,,,,,,,,,,,,,"goblin_preview_glow",,,,,,,,,,,,
"Goblin_Ninja",1,,"Goblin",,-15,,1,"TID_SKIN_GOBLIN_NINJA",,,"sc3d/goblinninja_rig.glb",,,"Goblin Ninja","sc/portraits_goblin.sc#goblin_ninja_skin","sc/character_icons.sc#goblin_icon",,100,,,,,,"goblin_ninja_preview_slash",,,,,,,,,,,,
,,,,,,,,,,,,,,,,,,,,,,,,"goblin_ninja_preview_smoke",,,,,,,,,,,,
,,,,,,,,,,,,,,,,,,,,,,,,"goblin_ninja_preview_optical",,,,,,,,,,,,
,,,,,,,,,,,,,,,,,,,,,,,,"goblin_ninja_preview_glow",,,,,,,,,,,,
"Greg",0,,"Greg",,-15,,1,"TID_SKIN_DEFAULT",,,"sc3d/greg_rig.glb",,,"Greg","sc/portraits_greg.sc#greg","sc/character_icons.sc#greg_icon","sc/character_ability.sc#greg_ability_icon",100,,,,,,"greg_preview","head_s",,,,,,,,,,,
"Greg_Chef",1,,"Greg",,-15,,1,"TID_SKIN_GREG_CHEF",,,"sc3d/gregchef_rig.glb",,,"Greg Chef","sc/portraits_greg.sc#greg_chef_skin","sc/character_icons.sc#greg_icon",,100,,,,,,"greg_chef_preview","head_s",,,,,,,,,,,
"Colt",0,,"Colt",,-15,,1,"TID_SKIN_DEFAULT",,,"sc3d/colt_rig.glb",,,"Colt","sc/portraits_colt.sc#colt","sc/character_icons.sc#colt_icon","sc/character_ability.sc#colt_ability_icon",100,,,,,,"colt_preview_r","R_weapon_01_s",,,,,,,,,,,
,,,,,,,,,,,,,,,,,,,,,,,,"colt_preview_l","L_weapon_01_s",,,,,,,,,,,
"Colt_Halloween",2,,"Colt",,-15,,1,"TID_SKIN_COLT_HALLOWEEN",,,"sc3d/colthalloween_rig.glb",,,"Colt Halloween","sc/portraits_colt.sc#colt_halloween_skin","sc/character_icons.sc#colt_icon",,100,,,,,,"colt_halloween_preview","hips_s",,,,,,,,,,,
,,,,,,,,,,,,,,,,,,,,,,,,"colt_halloween_preview_head","head_s",,,,,,,,,,,
"ElPrimo",0,,"ElPrimo",,-15,,1,"TID_SKIN_DEFAULT",,,"sc3d/primo_rig.glb",,,"Primo","sc/portraits_primo.sc#primo","sc/character_icons.sc#el_primo_icon","sc/character_ability.sc#primo_ability_icon",100,,,,,,,,,,,,,,,,,,
"ElPrimo_Vegas",0,,"ElPrimo",,-15,,1,"TID_SKIN_ELPRIMO_VEGAS",,,"sc3d/primovegas_rig.glb",,,"Primo Vegas","sc/portraits_primo.sc#primo_vegas_skin","sc/character_icons.sc#el_primo_icon",,100,,,,,,,,,,,,,,,,,,
"ElPrimo_Panda",0,,"ElPrimo",,-15,,1,"TID_SKIN_ELPRIMO_PANDA",,,"sc3d/primopanda_rig.glb",,,"Primo Panda","sc/portraits_primo.sc#primo_panda_skin","sc/character_icons.sc#el_primo_icon",,100,,,,,,,,,,,,,,,,,,
"Shelly",0,,"Shelly",,-15,,1,"TID_SKIN_DEFAULT",,,"sc3d/shelly_rig_squad.glb",,,"Shelly","sc/portraits_shelly.sc#shelly","sc/character_icons.sc#shelly_icon","sc/character_ability.sc#shelly_ability_icon",100,,,,,,"shelly_attack_preview","fx_jnt",,,,,,,,,,,
"Shelly_Sheriff",0,,"Shelly",,-15,1000,1,"TID_SKIN_SHELLY_SHERIFF",,,"sc3d/shellysheriff_rig.glb",,,"Shelly Sheriff","sc/portraits_shelly.sc#shelly_cowgirl_skin","sc/character_icons.sc#shelly_icon",,100,,,,,,"shelly_sheriff_preview","shotgun_s",,,,,,,,,,,
"Witch",0,,"Witch",,-15,,1,"TID_SKIN_DEFAULT",,,"sc3d/witch_rig.glb",,,"Witch","sc/portraits_witch.sc#witch","sc/character_icons.sc#witch_icon","sc/character_ability.sc#witch_ability_icon",100,,,,,,"witch_preview_l",,,,,,,,,,,,
,,,,,,,,,,,,,,,,,,,,,,,,"witch_preview_stick",,,,,,,,,,,,
"Witch_Forest",1,,"Witch",,-15,1500,1,"TID_SKIN_WITCH_FOREST",,,"sc3d/witchforest_rig.glb",,,"Witch Forest","sc/portraits_witch.sc#witch_forest_skin","sc/character_icons.sc#witch_icon",,100,,,,,,"witch_forest_preview_r","R_weapon_01_s",,,,,,,,,,,
,,,,,,,,,,,,,,,,,,,,,,,,"witch_forest_preview_l","L_weapon_01_s",,,,,,,,,,,
,,,,,,,,,,,,,,,,,,,,,,,,"witch_forest_preview_stick","fx_jnt",,,,,,,,,,,
"Chicken",0,,"Chicken",,-15,,1,"TID_SKIN_DEFAULT",,,"sc3d/chicken_rig.glb",,,"Chicken","sc/portraits_chicken.sc#chicken","sc/character_icons.sc#chicken_icon","sc/character_ability.sc#chicken_ability_icon",100,,,,,,"chicken_preview_feather",,,,,,,,,,,,
"Chicken_Tuxedo",0,,"Chicken",,-15,1000,1,"TID_SKIN_CHICKEN_TUXEDO",,,"sc3d/chickentuxedo_rig.glb",,,"Chicken Tuxedo","sc/portraits_chicken.sc#chicken_formal_skin","sc/character_icons.sc#chicken_icon",,100,,,,,,"chicken_tuxedo_preview_feather",,,,,,,,,,,,
"Chicken_Karate",1,,"Chicken",,-15,,1,"TID_SKIN_CHICKEN_KARATE",,,"sc3d/chickenkarate_rig.glb",,,"Chicken Karate","sc/portraits_chicken.sc#chicken_blackbelt_skin","sc/character_icons.sc#chicken_icon",,100,,,,,,,,,,,,,,,,,,
"Chicken_Dragon",2,,"Chicken",,-15,,1,"TID_SKIN_CHICKEN_DRAGON",,,"sc3d/chickendragon_rig.glb",,,"Chicken Dragon","sc/portraits_chicken.sc#chicken_dragon_skin","sc/character_icons.sc#chicken_icon",,100,,,,,,"chicken_dragon_preview",,,,,,,,,,,,
"Heavy",0,,"Heavy",,-15,,1,"TID_SKIN_DEFAULT",,,"sc3d/heavy_rig_squad.glb",,,"Heavy","sc/portraits_heavy.sc#heavy","sc/character_icons.sc#heavy_icon","sc/character_ability.sc#heavy_ability_icon",100,,,,,,"heavy_atk_preview","fx_jnt",,,,,,,,,,,
"Heavy Future",1,,"Heavy",,-15,,1,"TID_SKIN_HEAVY_FUTURE",,,"sc3d/heavyfuture_rig.glb",,,"Heavy Future","sc/portraits_heavy.sc#heavy_future_skin","sc/character_icons.sc#heavy_icon",,100,,,,,,"heavy_future_preview_ground","hips_s",,,,,,,,,,,
,,,,,,,,,,,,,,,,,,,,,,,,"heavy_future_preview_toe","R_toe_s",,,,,,,,,,,
"Nita",0,,"Nita",,-15,,1,"TID_SKIN_DEFAULT",,"Bear","sc3d/nita_rig.glb",,,"Nita","sc/portraits_nita.sc#nita","sc/character_icons.sc#nita_icon","sc/character_ability.sc#nita_ability_icon",100,,,,,,"nita_preview","head_s",,,,,,,,,,,
"Nita_Toy",0,,"Nita",,-15,,1,"TID_SKIN_NITA_TOY",,"Bear_Toy","sc3d/nitatoy_rig.glb",,,"Nita Toy","sc/portraits_nita.sc#nita_toy_skin","sc/character_icons.sc#nita_icon",,100,,,,,"Bear_Toy","nita_toy_preview","hips_s",,,,,,,,,,,
,,,,,,,,,,,,,,,,,,,,,,,,"nita_toy_preview_symbol","head_s",,,,,,,,,,,
"Bear",0,,"Bear",,0,,1,"TID_SKIN_DEFAULT",,,"sc3d/nita_bear_rig.glb",,,"Nita Bear",,"sc/character_icons.sc#nita_bear_icon",,100,,,,,,,,,,,,"TRUE",,,,,,
"Bear_Toy",0,,"Bear",,-15,,1,"TID_SKIN_BEAR_TOY",,,"sc3d/nitatoybear_rig.glb",,,"Nita Bear Toy",,"sc/character_icons.sc#nita_bear_icon",,100,,,,,,,,,,,,"TRUE",,,,,,
"EliteBarbarian",0,,"EliteBarbarian",,-15,,1,"TID_SKIN_DEFAULT",,,"sc3d/elitebarbarian_rig.glb",,,"Barbarian",,,,100,,,,,,,,,,,,,,,,,,
"WitchSkeleton",0,,"WitchSkeleton",,30,,1,"TID_SKIN_DEFAULT",,,"sc3d/skeleton_rig.glb",,,"Skeleton",,"sc/character_icons.sc#skeleton_icon",,70,,,,,,,,,,,,,,,,,,
"Skeleton",0,,"Skeleton",,15,,1,"TID_SKIN_DEFAULT",,,"sc3d/skeleton_rig.glb",,,"Skeleton",,"sc/character_icons.sc#skeleton_icon",,90,,,,,,,,,,,,,,,,,,
"Tree",0,,"Tree",,-45,,1,"TID_SKIN_DEFAULT",,,"sc3d/tree_rig_new.glb",,,"Tree",,,,120,,,,,,,,,,,,,,,,,,
"Medic",0,,"Medic",,-15,,1,"TID_SKIN_DEFAULT",,,"sc3d/medic_rig.glb",,,"Medic","sc/portraits_medic.sc#medic","sc/character_icons.sc#medic_icon","sc/character_ability.sc#medic_ability_icon",100,,,,,,,,,,,,,,,,,,
"Medic_Explorer",0,,"Medic",,-15,1000,1,"TID_SKIN_MEDIC_EXPLORER",,,"sc3d/medicexplorer_rig.glb",,,"Medic Explorer","sc/portraits_medic.sc#medic_explorer_skin","sc/character_icons.sc#medic_icon",,100,,,,,,,,,,,,,,,,,,
"SneakyGoblin",0,,"SneakyGoblin",,0,,1,"TID_SKIN_DEFAULT",,,"sc3d/sneakygoblin_rig.glb",,,"Sneaky Goblin",,"sc/character_icons.sc#sneaky_goblin_icon",,100,,,,,,,,,,,,,,,,,,
"BattleHealer",0,,"BattleHealer",,-15,,1,"TID_SKIN_DEFAULT",,,"sc3d/battlehealer_rig.glb",,,"Battle Healer","sc/portraits_battlehealer.sc#battle_healer","sc/character_icons.sc#battle_healer_icon","sc/character_ability.sc#battle_healer_ability_icon",100,,,,,,"battlehealer_preview","chest_s",,,,,,,,,,,
"BattleHealer_Demon",0,,"BattleHealer",,-15,,1,"TID_SKIN_BATTLEHEALER_DEMON",,,"sc3d/battlehealerdeamon_rig.glb",,,"Battle Healer Demon","sc/portraits_battlehealer.sc#battlehealer_demon_skin","sc/character_icons.sc#battle_healer_icon",,100,,,,,,"battlehealer_demon_preview","hips_s",,,,,,,,,,,
"Dynamike",0,,"Dynamike",,-15,,1,"TID_SKIN_DEFAULT",,,"sc3d/dynamike_rig.glb",,,"Dynamike","sc/portraits_dynamike.sc#dynamike","sc/character_icons.sc#dynamike_icon","sc/character_ability.sc#dynamike_ability_icon",100,,,,,,"Fire_Fuse_Dynamike_preview_r","R_fx_jnt",,,,,,,,,,,
,,,,,,,,,,,,,,,,,,,,,,,,"Fire_Fuse_Dynamike_preview_r_loop","R_fx_jnt",,,,,,,,,,,
,,,,,,,,,,,,,,,,,,,,,,,,"Fire_Fuse_Dynamike_preview","L_fx_jnt",,,,,,,,,,,
,,,,,,,,,,,,,,,,,,,,,,,,"Fire_Fuse_Dynamike_preview_loop","L_fx_jnt",,,,,,,,,,,
"Dynamike Samurai",2,,"Dynamike",,-15,,1,"TID_SKIN_DYNAMIKE_SAMURAI",,,"sc3d/dynamikesamurai_rig.glb",,,"Dynamike Samurai","sc/portraits_dynamike.sc#dynamike_fireworks_skin","sc/character_icons.sc#dynamike_icon",,100,,,,,,"dynamike_samurai_preview_r",,,,,,,,,,,,
,,,,,,,,,,,,,,,,,,,,,,,,"dynamike_samurai_preview_l",,,,,,,,,,,,
,,,,,,,,,,,,,,,,,,,,,,,,"dynamike_samurai_firework_01",,,,,,,,,,,,
,,,,,,,,,,,,,,,,,,,,,,,,"dynamike_samurai_firework_02",,,,,,,,,,,,
,,,,,,,,,,,,,,,,,,,,,,,,"dynamike_samurai_firework_03",,,,,,,,,,,,
"Golem",0,,"Golem",,-40,,1,"TID_SKIN_DEFAULT",,,"sc3d/golem_rig.glb",,,"Golem",,"sc/character_icons.sc#golem_icon",,150,,,,,,,,,,,,,,,,,,
"Max",0,,"Max",,-15,,1,"TID_SKIN_DEFAULT",,,"sc3d/max_rig.glb",,,"Max","sc/portraits_max.sc#max","sc/character_icons.sc#max_icon","sc/character_ability.sc#max_ability_icon",100,,,,,,"max_default_preview",,,,,,,,,,,,
,,,,,,,,,,,,,,,,,,,,,,,,"max_default_preview_l",,,,,,,,,,,,
,,,,,,,,,,,,,,,,,,,,,,,,"max_default_preview_r",,,,,,,,,,,,
,,,,,,,,,,,,,,,,,,,,,,,,"max_default_ground_preview",,,,,,,,,,,,
"Max Cyclist",0,,"Max",,-15,,1,"TID_SKIN_MAX_CYCLIST",,,"sc3d/maxcyclist_rig.glb",,,"Max Cyclist","sc/portraits_max.sc#max_cyclist_skin","sc/character_icons.sc#max_icon",,100,,,,,,"max_cycle_preview",,,,,,,,,,,,
,,,,,,,,,,,,,,,,,,,,,,,,"max_cycle_preview_dust",,,,,,,,,,,,
,,,,,,,,,,,,,,,,,,,,,,,,"max_cycle_preview_r",,,,,,,,,,,,
,,,,,,,,,,,,,,,,,,,,,,,,"max_cycle_preview_l",,,,,,,,,,,,
"Bo",0,,"Bo",,-15,,1,"TID_SKIN_DEFAULT",,,"sc3d/bo_rig.glb",,,"Bo","sc/portraits_bo.sc#bo","sc/character_icons.sc#bo_icon","sc/character_ability.sc#bo_ability_icon",100,,,,,,"bo_preview_head","head_s",,,,,,,,,,,
"Bo Hoghunter",1,,"Bo",,-15,,1,"TID_SKIN_BO HOGHUNTER",,,"sc3d/bohoghunter_rig.glb",,,"Bo Hoghunter","sc/portraits_bo.sc#bo_hunter_skin","sc/character_icons.sc#bo_icon",,100,,,,,,"bo_hog_preview","chest_s",,,,,,,,,,,
"Boss Robot",0,,"Boss Robot",,-50,,1,"TID_SKIN_DEFAULT",,,"sc3d/bossrobot_rig.glb",,,"Boss Robot",,"sc/character_icons.sc#robot_boss_icon",,160,,,,,,,,,,,,,,,,,,
"Strong Robot",0,,"Strong Robot",,-40,,1,"TID_SKIN_DEFAULT",,,"sc3d/strongrobot_rig.glb",,,"Robot Strong",,"sc/character_icons.sc#robot_strong_icon",,145,,,,,,,,,,,,,,,,,,
"Mid Robot",0,,"Mid Robot",,5,,1,"TID_SKIN_DEFAULT",,,"sc3d/robot_mid_rig.glb",,,"Robot Mid",,"sc/character_icons.sc#robot_mid_icon",,100,,,,,,,,,,,,,,,,,,
"Tiny Robot",0,,"Tiny Robot",,5,,1,"TID_SKIN_DEFAULT",,,"sc3d/tinyrobot_rig.glb",,,"Tiny Robot",,"sc/character_icons.sc#robot_small_icon",,130,,,,,,,,,,,,,,,,,,
"Mine",0,,"Mine",,0,,1,"TID_SKIN_DEFAULT",,,"sc3d/mine_rig.glb",,,"Mine",,,,150,,,,,,,,,,,,,,,,,,
"Dart Goblin",0,,"Dart Goblin",,0,,1,"TID_SKIN_DEFAULT",,,"sc3d/dartgoblin_rig.glb",,,"Dart Goblin",,"sc/character_icons.sc#dart_goblin_icon",,100,,,,,,,,,,,,,,,,,,
"Kaiju",0,,"Kaiju",,-70,,1,"TID_SKIN_DEFAULT",,,"sc3d/kaiju_rig.glb",,,"Kaiju",,"sc/character_icons.sc#kaiju_icon",,180,,,,,,,,,,,,,,,,,,
"Cage Goblin",0,,"Cage Goblin",,-15,,1,"TID_SKIN_DEFAULT",,,"sc3d/cagegoblin_rig.glb",,,"Cage Goblin",,"sc/character_icons.sc#cage_goblin_icon",,120,,,,,,,,,,,,,,,,,,
"Cannon",0,,"Cannon",,0,,1,"TID_SKIN_DEFAULT",,,"sc3d/cannonturret_rig.glb","sc3d/cannonturret_rig_red.glb","sc3d/cannonbase_rig.glb","Cannon",,,,100,,,,,,,,,,,,,,,,,,
"Hog Rider",0,,"Hog Rider",,-15,,1,"TID_SKIN_DEFAULT",,,"sc3d/hogrider_rig.glb",,,"Hog Rider","sc/portraits_hogrider.sc#hogrider","sc/character_icons.sc#hog_rider_icon","sc/character_ability.sc#hogrider_ability_icon",100,,,,,,"hogrider_preview","head_s",,,,,,,,,,,
,,,,,,,,,,,,,,,,,,,,,,,,"hogrider_preview_weapon","fx_jnt",,,,,,,,,,,
,,,,,,,,,,,,,,,,,,,,,,,,"hogrider_preview_hog","hog_L_lowerLeg_s",,,,,,,,,,,
"Hog Rider Baywatch",1,,"Hog Rider",,-15,,1,"TID_SKIN_HOG_RIDER_BAYWATCH",,,"sc3d/hogriderbaywatch_rig.glb",,,"Hog Rider Baywatch","sc/portraits_hogrider.sc#hogrider_baywatch_skin","sc/character_icons.sc#hog_rider_icon",,100,,,,,,"hogrider_baywatch_preview","hips_s",,,,,,,,,,,
"Gem Mine",0,,"Gem Mine",,0,,1,"TID_SKIN_DEFAULT",,,"sc3d/gemmine_rig.glb",,,"Gemmine",,"sc/character_icons.sc#gemmine_icon",,1200,,,,,,,,,,,,,,,,,,
"Gold Mine",0,,"Gold Mine",,0,,1,"TID_SKIN_DEFAULT",,,"sc3d/goldmine_rig.glb",,,"Goldmine",,"sc/character_icons.sc#goldmine_icon",,1200,,,,,,,,,,,,,,,,,,
"Box",0,,"Box",,0,,1,"TID_SKIN_DEFAULT",,,"sc3d/turbobox_rig.glb",,,"Turbobox",,,,1000,,,,,,,,,,,,,,,,,,
"Gem Mine Active",0,,"Gem Mine Active",,0,,1,"TID_SKIN_DEFAULT",,,"sc3d/gemmine_rig.glb",,,"Gemmine",,"sc/character_icons.sc#gemmine_icon",,1200,,,,,,,,,,,,,,,,,,
"Gold Mine Active",0,,"Gold Mine Active",,0,,1,"TID_SKIN_DEFAULT",,,"sc3d/goldmine_rig.glb",,,"Goldmine",,"sc/character_icons.sc#goldmine_icon",,1200,,,,,,,,,,,,,,,,,,
"Barbarian King",0,,"Barbarian King",,-15,,1,"TID_SKIN_DEFAULT",,,"sc3d/barbarianking_rig.glb",,,"Barbarian King","sc/portraits_barbarianking.sc#barbarian_king","sc/character_icons.sc#barbarian_king_icon","sc/character_ability.sc#barbarian_king_ability_icon",100,,,,,,"barbarianking_preview_sword","sword_s",,,,,,,,,,,
,,,,,,,,,,,,,,,,,,,,,,,,"barbarianking_preview_slash","chest_s",,,,,,,,,,,
"Barbarian King Skeleton",2,,"Barbarian King",,-15,,1,"TID_SKIN_BARBARIAN_KING_SKELETON",,,"sc3d/barbariankingskeleton_rig.glb",,,"Barbarian King Skeleton","sc/portraits_barbarianking.sc#barbarianking_skeleton_skin","sc/character_icons.sc#barbarian_king_icon",,100,,,,,,"barbarianking_skeleton_preview",,,,,,,,,,,,
,,,,,,,,,,,,,,,,,,,,,,,,"barbarianking_skeleton_preview_02",,,,,,,,,,,,
"Bowler",0,,"Bowler",,-15,,1,"TID_SKIN_DEFAULT",,,"sc3d/bowler_rig.glb",,,"Bowler",,"sc/character_icons.sc#bowler_icon",,180,,,,,,,,,,,,,,,,,,
"Bowler Farmer",,"TRUE","Bowler",,,,,"TID_SKIN_DEFAULT",,,,,,,,,,,,,,,,,,,,,,,,,,,,
"Duo Gem Mine",0,,"Duo Gem Mine",,0,,1,"TID_SKIN_DEFAULT",,,"sc3d/gemmine_lid.glb",,,"Gemmine",,"sc/character_icons.sc#gemmine_icon",,1200,,,,,,,,,,,,,,,,,,
"Duo Gem Mine Active",0,,"Duo Gem Mine Active",,0,,1,"TID_SKIN_DEFAULT",,,"sc3d/gemmine_rig.glb",,,"Gemmine",,"sc/character_icons.sc#gemmine_icon",,1200,,,,,,,,,,,,,,,,,,
"Duo Gold Mine",0,,"Duo Gold Mine",,0,,1,"TID_SKIN_DEFAULT",,,"sc3d/goldmine_lid.glb",,,"Goldmine",,"sc/character_icons.sc#goldmine_icon",,1200,,,,,,,,,,,,,,,,,,
"Duo Gold Mine Active",0,,"Duo Gold Mine Active",,0,,1,"TID_SKIN_DEFAULT",,,"sc3d/goldmine_rig.glb",,,"Goldmine",,"sc/character_icons.sc#goldmine_icon",,1200,,,,,,,,,,,,,,,,,,
"TUTORIAL_Skeleton",0,,"TUTORIAL_Skeleton",,0,,1,"TID_SKIN_DEFAULT",,,"sc3d/skeleton_rig.glb",,,"Skeleton",,"sc/character_icons.sc#skeleton_icon",,100,,,,,,,,,,,,,,,,,,
"Bea",0,,"Bea",,-15,,1,"TID_SKIN_DEFAULT",,,"sc3d/bea_rig.glb",,,"Bea","sc/portraits_bea.sc#bea","sc/character_icons.sc#bea_icon","sc/character_ability.sc#bea_ability_icon",100,,,,,,"bea_preview_trail","bee_s",,,,,,,,,,,
,,,,,,,,,,,,,,,,,,,,,,,,"bea_preview_trail_loop","bee_s",,,,,,,,,,,
,,,,,,,,,,,,,,,,,,,,,,,,"bea_preview","head_s",,,,,,,,,,,
"Barbarian Demon",2,,"Barbarian",,-15,,1,"TID_SKIN_BARBARIAN_DEMON",,,"sc3d/demonbarbarian_rig.glb",,,"Barbarian Demon","sc/portraits_barbarian.sc#barbarian_demon_skin","sc/character_icons.sc#barbarian_icon",,100,,,,,"EliteBarbarian Demon","barbarian_demon_preview","hips_s",,-40,,,,,,,,,
"Barbarian Sunburn",1,,"Barbarian",,-15,,1,"TID_SKIN_BARBARIAN_SUNBURN",,,"sc3d/sunburn_barbarian_rig.glb",,,"Barbarian Sunburn","sc/portraits_barbarian.sc#barbarian_sunburn_skin","sc/character_icons.sc#barbarian_icon",,100,,,,,"EliteBarbarian Sunburn","barbarian_sunburn_preview",,,-40,,,,,,,,,
"EliteBarbarian Demon",1,,"EliteBarbarian",,-15,,1,"TID_SKIN_ELITE_BARBARIAN_DEMON",,,"sc3d/demon_elite_barbarian_rig.glb",,,"Barbarian Demon",,,,100,,,,,,,,,,,,,,,,,,
"EliteBarbarian Sunburn",0,,"EliteBarbarian",,-15,,1,"TID_SKIN_ELITE_BARBARIAN_SUNBURN",,,"sc3d/sunburn_elite_barbarian_rig.glb",,,"Barbarian Sunburn",,,,100,,,,,,,,,,,,,,,,,,
"Bea Beetle",1,,"Bea",,-15,,1,"TID_SKIN_BEE_BEETLE",,,"sc3d/bea_beetle_rig.glb",,,"Bea Beetle","sc/portraits_bea.sc#bea_beetle_skin","sc/character_icons.sc#bea_icon",,100,,,,,,"bea_beetle_preview","L_toe_s",,,,,,,,,,,
,,,,,,,,,,,,,,,,,,,,,,,,"bea_beetle_preview_trail","bee_s",,,,,,,,,,,
,,,,,,,,,,,,,,,,,,,,,,,,"bea_beetle_preview_trail_loop","bee_s",,,,,,,,,,,
"Heavy Karate",2,,"Heavy",,-15,,1,"TID_SKIN_HEAVY_KARATE",,,"sc3d/heavy_karate_rig.glb",,,"Heavy Karate","sc/portraits_heavy.sc#heavy_karate_skin","sc/character_icons.sc#heavy_icon",,100,,,,,,"heavy_karate_preview_punch",,,,,,,,,,,,
,,,,,,,,,,,,,,,,,,,,,,,,"heavy_karate_preview_kick01",,,,,,,,,,,,
,,,,,,,,,,,,,,,,,,,,,,,,"heavy_karate_preview_kick02",,,,,,,,,,,,
"Heavy Wolf",2,,"Heavy",,-15,,1,"TID_SKIN_HEAVY_WOLF",,,"sc3d/heavy_wolf_rig.glb",,,"Heavy Wolf","sc/portraits_heavy.sc#heavy_wolf_skin","sc/character_icons.sc#heavy_icon",,100,,,,,,"heavy_wolf_preview_gun","miniGun_s",,,,,,,,,,,
,,,,,,,,,,,,,,,,,,,,,,,,"heavy_wolf_preview","head_s",,,,,,,,,,,
"Shelly Detective",1,,"Shelly",,-15,,1,"TID_SKIN_SHELLY_DETECTIVE",,,"sc3d/shelly_detective_rig.glb",,,"Shelly Detective","sc/portraits_shelly.sc#shelly_detective_skin","sc/character_icons.sc#shelly_icon",,100,,,,,,"shelly_detective_preview_ground",,,,,,,,,,,,
,,,,,,,,,,,,,,,,,,,,,,,,"shelly_detective_preview_hand",,,,,,,,,,,,
,,,,,,,,,,,,,,,,,,,,,,,,"shelly_detective_preview_pipe",,,,,,,,,,,,
,,,,,,,,,,,,,,,,,,,,,,,,"shelly_detective_preview_head",,,,,,,,,,,,
"Max Future",2,,"Max",,-15,,1,"TID_SKIN_MAX_FUTURE",,,"sc3d/max_future_rig.glb",,,"Max Future","sc/portraits_max.sc#max_future_skin","sc/character_icons.sc#max_icon",,100,,,,,,"max_future_preview",,,,,,,,,,,,
,,,,,,,,,,,,,,,,,,,,,,,,"max_future_hand_preview",,,,,,,,,,,,
"BabyDragon",0,,"BabyDragon",,-15,,1,"TID_SKIN_DEFAULT",,,"sc3d/babydragon_rig.glb",,,"BabyDragon",,"sc/character_icons.sc#baby_dragon_icon",,130,,,,,,,,,,,,,,,,,,
"Nita_Dog",1,,"Nita",,-15,1500,1,"TID_SKIN_NITA_DOG",,"Bear_Dog","sc3d/nita_dog_rig.glb",,,"Nita Dog","sc/portraits_nita.sc#nita_dog_skin","sc/character_icons.sc#nita_icon",,100,,,,,"Bear_Dog","nita_dog_preview","neck_s",,,,,,,,,,,
"Bear_Dog",1,,"Bear",,-15,,1,"TID_SKIN_BEAR_DOG",,,"sc3d/nita_bear_dog_rig.glb",,,"Nita Bear Dog",,"sc/character_icons.sc#nita_bear_icon",,100,,,,,,,,,,,,"TRUE",,,,,,
"Bea Stagbeetle",1,,"Bea",,-15,,1,"TID_SKIN_BEE_STAG_BEETLE",,,"sc3d/bea_stagbeetle_rig.glb",,,"Bea Stagbeetle","sc/portraits_bea.sc#bea_stagbeetle_skin","sc/character_icons.sc#bea_icon",,100,,,,,,"bea_stagbeetle_preview","head_s",,,,,,,,,,,
,,,,,,,,,,,,,,,,,,,,,,,,"bea_stagbeetle_preview_trail","bee_s",,,,,,,,,,,
,,,,,,,,,,,,,,,,,,,,,,,,"bea_stagbeetle_preview_trail_loop","bee_s",,,,,,,,,,,
"Bea Evil",1,,"Bea",,-15,,1,"TID_SKIN_BEE_EVIL",,,"sc3d/bea_evil_rig.glb",,,"Bea Evil","sc/portraits_bea.sc#bea_evil_skin","sc/character_icons.sc#bea_icon",,100,,,,,,"bea_evil_preview","head_s",,,,,,,,,,,
,,,,,,,,,,,,,,,,,,,,,,,,"bea_evil_preview_trail","bee_s",,,,,,,,,,,
,,,,,,,,,,,,,,,,,,,,,,,,"bea_evil_preview_trail_loop","bee_s",,,,,,,,,,,
"Boss Robot Arcade",0,,"Boss Robot",,-50,,1,"TID_SKIN_DEFAULT",,,"sc3d/bossrobot_arcade_rig.glb",,,"Boss Robot Arcade",,"sc/character_icons.sc#robot_boss_arcade_icon",,160,,,,,,,,,,,,,,,,,,
"Strong Robot Arcade",0,,"Strong Robot",,-40,,1,"TID_SKIN_DEFAULT",,,"sc3d/strongrobot_arcade_rig.glb",,,"Robot Strong Arcade",,"sc/character_icons.sc#robot_strong_arcade_icon",,145,,,,,,,,,,,,,,,,,,
"Mid Robot Arcade",0,,"Mid Robot",,5,,1,"TID_SKIN_DEFAULT",,,"sc3d/robotmid_arcade_rig.glb",,,"Robot Mid Arcade",,"sc/character_icons.sc#robot_mid_arcade_icon",,100,,,,,,,,,,,,,,,,,,
"Tiny Robot Arcade",0,,"Tiny Robot",,5,,1,"TID_SKIN_DEFAULT",,,"sc3d/tinyrobot_arcade_rig.glb",,,"Tiny Robot Arcade",,"sc/character_icons.sc#robot_small_arcade_icon",,130,,,,,,,,,,,,,,,,,,
"Kaiju Arcade",0,,"Kaiju",,-70,,1,"TID_SKIN_DEFAULT",,,"sc3d/kaiju_arcade_rig.glb",,,"Kaiju Arcade",,"sc/character_icons.sc#kaiju_arcade_icon",,180,,,,,,,,,,,,,,,,,,
"Kaiju Godzilla",0,,"Kaiju",,-70,,1,"TID_SKIN_DEFAULT",,,"sc3d/kaiju_godzilla_rig.glb",,,"Kaiju Godzilla",,"sc/character_icons.sc#kaiju_godzilla_icon",,180,,,,,,,,,,,,,,,,,,
"Hog Rider City",2,,"Hog Rider",,-15,,1,"TID_SKIN_HOG_RIDER_CITY",,,"sc3d/hogrider_city_rig.glb",,,"Hog Rider City","sc/portraits_hogrider.sc#hogrider_city_skin","sc/character_icons.sc#hog_rider_icon",,100,,,,,,"hogrider_city_preview_head","head_s",,,,,,,,,,,
,,,,,,,,,,,,,,,,,,,,,,,,"hogrider_city_preview_weapon","hammer_s",,,,,,,,,,,
,,,,,,,,,,,,,,,,,,,,,,,,"hogrider_city_preview","hips_s",,,,,,,,,,,
"Medic Gang",2,,"Medic",,-15,,1,"TID_SKIN_MEDIC_GANG",,,"sc3d/medic_undergroundgang_rig.glb",,,"Medic Gang","sc/portraits_medic.sc#medic_undergroundgang_skin","sc/character_icons.sc#medic_icon",,100,,,,,,,,,,,,,,,,,,
"Greg Hero",1,"TRUE","Greg",,-15,,1,"TID_SKIN_GREG_HERO",,,"sc3d/greg_hero_rig.glb",,,"Greg Hero","sc/portraits_greg.sc#greg_hero_skin","sc/character_icons.sc#greg_icon",,100,,,,,,"greg_hero_preview","hips_s",,,,,,,,,,,
"Barbarian King Origami",1,,"Barbarian King",,-15,,1,"TID_SKIN_BARBARIAN_KING_ORIGAMI",,,"sc3d/barbarianking_origami_rig.glb",,,"Barbarian King Origami","sc/portraits_barbarianking.sc#barbarianking_origami_skin","sc/character_icons.sc#barbarian_king_icon",,100,,,,,,"origami_barbarianking_preview_01",,,,,,,,,,,,
"Witch Oiran",1,,"Witch",,-15,,1,"TID_SKIN_WITCH_OIRAN",,,"sc3d/witch_oiran_rig.glb",,,"Witch Oiran","sc/portraits_witch.sc#witch_orian_skin","sc/character_icons.sc#witch_icon",,100,,,,,,"witch_oiran_preview_guitar","fx_jnt",,,,,,,,,,,
,,,,,,,,,,,,,,,,,,,,,,,,"witch_oiran_preview_skull_01","hips_s",,,,,,,,,,,
,,,,,,,,,,,,,,,,,,,,,,,,"witch_oiran_preview_skull_02","head_s",,,,,,,,,,,
"Colt Urban",1,,"Colt",,-15,,1,"TID_SKIN_COLT_URBAN",,,"sc3d/colt_urban_rig.glb",,,"Colt Urban","sc/portraits_colt.sc#colt_urban_skin","sc/character_icons.sc#colt_icon",,100,,,,,,"colt_urban_preview","R_weapon_01_s",,,,,,,,,,,
,,,,,,,,,,,,,,,,,,,,,,,,"colt_urban_preview_head","head_s",,,,,,,,,,,
"Dynamike Hipster",0,,"Dynamike",,-15,,1,"TID_SKIN_DYNAMIKE_HIPSTER",,,"sc3d/dynamike_hipster_rig.glb",,,"Dynamike Hipster","sc/portraits_dynamike.sc#dynamike_hipster_skin","sc/character_icons.sc#dynamike_icon",,100,,,,,,"dynamike_hipster_preview_r","R_fx_jnt",,,,,,,,,,,
,,,,,,,,,,,,,,,,,,,,,,,,"dynamike_hipster_preview_l","L_fx_jnt",,,,,,,,,,,
,,,,,,,,,,,,,,,,,,,,,,,,"dynamike_hipster_preview","hips_s",,,,,,,,,,,
"BattleHealer Pekka",2,,"BattleHealer",,-15,,1,"TID_SKIN_BATTLE_HEALER_PEKKA",,,"sc3d/battlehealer_pekka_rig.glb",,,"Battle Healer Pekka","sc/portraits_battlehealer.sc#battlehealer_pekka_skin","sc/character_icons.sc#battle_healer_icon",,100,,,,,,"battlehealer_darkarmor_preview_head",,,,,,,,,,,,
,,,,,,,,,,,,,,,,,,,,,,,,"battlehealer_darkarmor_preview_chest",,,,,,,,,,,,
"Goblin Cookie",1,,"Goblin",,-15,,1,"TID_SKIN_GOBLIN_COOKIE",,,"sc3d/goblin_cookie_rig.glb",,,"Goblin Cookie","sc/portraits_goblin.sc#goblin_cookie_skin","sc/character_icons.sc#goblin_icon",,100,,,,,,"goblin_cookie_preview_part",,,,,,,,,,,,
,,,,,,,,,,,,,,,,,,,,,,,,"goblin_cookie_preview_line",,,,,,,,,,,,
"Bo Egypt",2,,"Bo",,-15,,1,"TID_SKIN_BO EGYPT",,,"sc3d/bo_egypt_rig.glb",,,"Bo Egypt","sc/portraits_bo.sc#bo_egypt_skin","sc/character_icons.sc#bo_icon",,100,,,,,,"bo_egypt_preview","hips_s",,,,,,,,,,,
,,,,,,,,,,,,,,,,,,,,,,,,"bo_egypt_preview_bow","bow_s",,,,,,,,,,,
"Hog Rider Primitive",2,,"Hog Rider",,-15,,1,"TID_SKIN_HOG_RIDER_PRIMITIVE",,,"sc3d/hogrider_primitive_rig.glb",,,"Hog Rider Primitive","sc/portraits_hogrider.sc#hogrider_primitive_skin","sc/character_icons.sc#hog_rider_icon",,100,,,,,,"hogrider_trike_preview_weapon",,,,,,,,,,,,
,,,,,,,,,,,,,,,,,,,,,,,,"hogrider_trike_preview_hog",,,,,,,,,,,,
,,,,,,,,,,,,,,,,,,,,,,,,"hogrider_trike_preview_head",,,,,,,,,,,,
"ElPrimo_Beast",2,,"ElPrimo",,-15,,1,"TID_SKIN_ELPRIMO_BEAST",,,"sc3d/elprimo_beast_rig.glb",,,"Primo Beast","sc/portraits_primo.sc#primo_beast_skin","sc/character_icons.sc#el_primo_icon",,100,,,"primo_projectile_beast",,,"elprimo_beast_preview","head_s",,,,,,,,,,,
,,,,,,,,,,,,,,,,,,,,,,,,"elprimo_beast_preview_smoke","hips_s",,,,,,,,,,,
"ElPrimo_Pina",1,,"ElPrimo",,-15,,1,"TID_SKIN_ELPRIMO_PINA",,,"sc3d/elprimo_pina_rig.glb",,,"Primo Pina","sc/portraits_primo.sc#primo_pina_skin","sc/character_icons.sc#el_primo_icon",,100,,,"primo_projectile_pina",,,"elprimo_pina_preview_r","R_braclet_s",,,,,,,,,,,
,,,,,,,,,,,,,,,,,,,,,,,,"elprimo_pina_preview_l","L_bracelet_s",,,,,,,,,,,
"Dynamike Goblin",2,,"Dynamike",,-15,,1,"TID_SKIN_DYNAMIKE_GOBLIN",,,"sc3d/dynamike_goblin_rig.glb",,,"Dynamike Goblin","sc/portraits_dynamike.sc#dynamike_goblin_skin","sc/character_icons.sc#dynamike_icon",,100,,,,,,"dynamike_goblin_preview_head",,,,,,,,,,,,
"Greg Nutcracker",1,,"Greg",,-15,,1,"TID_SKIN_GREG_NUTCRACKER",,,"sc3d/greg_nutcracker_rig.glb",,,"Greg Nutcracker","sc/portraits_greg.sc#greg_nutcracker_skin","sc/character_icons.sc#greg_icon",,100,,,,,,"greg_nutcracker_preview","hips_s",,,,,,,,,,,
"Medic Wizard",0,,"Medic",,-15,,1,"TID_SKIN_MEDIC_EXPLORER",,,"sc3d/medic_wizard_rig.glb",,,"Medic Wizard","sc/portraits_medic.sc#medic_wizard_skin","sc/character_icons.sc#medic_icon",,100,,,,,,,,,,,,,,,,,,
"Max Purple",0,,"Max",,-15,,1,"TID_SKIN_MAX_PURPLE",,,"sc3d/max_purple_rig.glb",,,"Max Purple","sc/portraits_max.sc#max_purple_skin","sc/character_icons.sc#max_icon",,100,,,,,,"max_purple_preview_hand01",,,,,,,,,,,,
,,,,,,,,,,,,,,,,,,,,,,,,"max_purple_preview_hand02",,,,,,,,,,,,
,,,,,,,,,,,,,,,,,,,,,,,,"max_purple_preview_hand03",,,,,,,,,,,,
,,,,,,,,,,,,,,,,,,,,,,,,"max_purple_preview_hand04",,,,,,,,,,,,
"SpellBigBomb",0,,"SpellBigBomb",,0,,1,"TID_SKIN_DEFAULT",,,"sc3d/timer_bomb.glb",,,,,,,860,,,,,,,,,,,,,,,,,,
"Barbarian King Ice",0,,"Barbarian King",,-15,,1,"TID_SKIN_BARBARIAN_KING_ICE",,,"sc3d/barbarian_king_ice_rig.glb",,,"Barbarian King Ice","sc/portraits_barbarianking.sc#barbarianking_ice_skin","sc/character_icons.sc#barbarian_king_icon",,100,,,,,,"barbarianking_ice_preview",,,,,,,,,,,,
,,,,,,,,,,,,,,,,,,,,,,,,"barbarianking_ice_preview_hit",,,,,,,,,,,,
"Nita Raccoon",0,,"Nita",,-15,,1,"TID_SKIN_NITA_RACCOON",,"Bear Raccoon","sc3d/nita_raccoon_rig.glb",,,"Nita Raccoon","sc/portraits_nita.sc#nita_racoon_skin","sc/character_icons.sc#nita_icon",,100,,,,,"Bear Raccoon","nita_raccoon_preview_head","head_s",,,,,,,,,,,
,,,,,,,,,,,,,,,,,,,,,,,,"nita_raccoon_preview_spin","hips_s",,,,,,,,,,,
"Bear Raccoon",0,,"Bear",,-15,,1,"TID_SKIN_BEAR_TOY",,,"sc3d/nitabear_raccoon_rig.glb",,,"Nita Bear Raccoon",,"sc/character_icons.sc#nita_bear_icon",,100,,,,,,,,,,,,"TRUE",,,,,,
"Shelly Magical",0,,"Shelly",,-15,,1,"TID_SKIN_SHELLY_MAGICAL",,,"sc3d/shelly_magical_rig.glb",,,"Shelly Magical","sc/portraits_shelly.sc#shelly_magical_skin","sc/character_icons.sc#shelly_icon",,100,,,,,,"shelly_magical_preview_light",,,,,,,,,,,,
"Colt Cowboy",2,,"Colt",,-15,,1,"TID_SKIN_COLT_COWBOY",,,"sc3d/colt_cowboy_rig.glb",,,"Colt Cowboy","sc/portraits_colt.sc#colt_sheriff_skin","sc/character_icons.sc#colt_icon",,100,,,,,,"colt_halloween_preview","hips_s",,,,,,,,,,,
"BattleHealer Hero",1,,"BattleHealer",,-15,1500,1,"TID_SKIN_BATTLEHEALER_HERO",,,"sc3d/battlehealer_heroarmor_rig.glb",,,"Battle Healer Hero","sc/portraits_battlehealer.sc#battlehealer_heroarmor_skin","sc/character_icons.sc#battle_healer_icon",,100,,,,,,"battlehealer_hero_preview_slash",,,,,,,,,,,,
,,,,,,,,,,,,,,,,,,,,,,,,"battlehealer_hero_preview_weapon",,,,,,,,,,,,
,,,,,,,,,,,,,,,,,,,,,,,,"battlehealer_hero_preview_chest",,,,,,,,,,,,
"Bo Kyudo",1,,"Bo",,-15,,1,"TID_SKIN_BO_KYUDO",,,"sc3d/bo_kyudo_rig.glb",,,"Bo Kyudo","sc/portraits_bo.sc#bo_kyudo_skin","sc/character_icons.sc#bo_icon",,100,,,,,,"bo_hog_preview","chest_s",,,,,,,,,,,
"Goblin Adventure",2,,"Goblin",,-15,,1,"TID_SKIN_GOBLIN_ADVENTURE",,,"sc3d/goblin_adventure_rig.glb",,,"Goblin Adventure","sc/portraits_goblin.sc#goblin_adventure_skin","sc/character_icons.sc#goblin_icon",,100,,,,,,"goblin_adventure_preview_sword",,,,,,,,,,,,
,,,,,,,,,,,,,,,,,,,,,,,,"goblin_adventure_preview_hand",,,,,,,,,,,,
"Witch Kitsune",1,,"Witch",,-15,,1,"TID_SKIN_WITCH_KITSUNE",,,"sc3d/witch_kitsune_rig.glb",,,"Witch Kitsune","sc/portraits_witch.sc#witch_kitsune_skin","sc/character_icons.sc#witch_icon",,100,,,,,,"witch_kitsune_preview_stick",,,,,,,,,,,,
"GoldenGolem",0,,"Golem",,-40,,1,"TID_SKIN_DEFAULT",,,"sc3d/golden_golem.glb",,,"Golem",,"sc/character_icons.sc#golem_icon",,150,,,,,,,,,,,,,,,,,,
"Barbarian Cyberpunk",0,,"Barbarian",,-15,,1,"TID_SKIN_BARBARIAN_CYBERPUNK",,,"sc3d/barbarian_cyber_rig.glb",,,"Barbarian Cyberpunk","sc/portraits_barbarian.sc#barbarian_cyberpunk_skin","sc/character_icons.sc#barbarian_icon",,100,,,,,"EliteBarbarian Cyberpunk","barbarian_sunburn_preview",,,-40,,,,,,,,,
"EliteBarbarian Cyberpunk",0,,"EliteBarbarian",,-15,,1,"TID_SKIN_BARBARIAN_CYBERPUNK",,,"sc3d/elite_barbarian_cyber_rig.glb",,,"Barbarian Cyberpunk",,,,100,,,,,,,,,,,,,,,,,,
"Dynamike Fungus",2,,"Dynamike",,-15,,1,"TID_SKIN_DYNAMIKE_FUNGUS",,,"sc3d/dynamike_fungus_rig.glb",,,"Dynamike Fungus","sc/portraits_dynamike.sc#dynamike_fungus_skin","sc/character_icons.sc#dynamike_icon",,100,,,,,,"dynamike_samurai_preview_r",,,,,,,,,,,,
"Hog Rider Dark",1,,"Hog Rider",,-15,,1,"TID_SKIN_HOG_RIDER_DARK",,,"sc3d/hogrider_dark_rig.glb",,,"Hog Rider Dark","sc/portraits_hogrider.sc#hogrider_dark_skin","sc/character_icons.sc#hog_rider_icon",,100,,,,,,,,,,,,,,,,,,
"Witch_Shinigami",1,,"Witch",,-15,1500,1,"TID_SKIN_WITCH_SHINIGAMI",,,"sc3d/witch_shinigami_rig.glb",,,"Witch Shinigami","sc/portraits_witch.sc#witch_forest_skin","sc/character_icons.sc#witch_icon",,100,,,,,,"witch_forest_preview_r","R_weapon_01_s",,,,,,,,,,,
